malcom;malcom@firefly.com
kaylee;kaylee@firefly.com
zoe;zoe@firefly.com
wash;wash@firefly.com
river;river@firefly.com
inara;inara@firefly.com
jayne;jayne@firefly.com
derrial;derrial@firefly.com
simon;simon@firefly.com
